standard_property_name,alternate_names,applicable_to,node_name,possible_table_1,possible_table_2,possible_table_3,possible_table_4,possible_table_5,chevron_asset_class_tag,asset_class,hysys_class
project_number,,meta_data,meta_data,description,,,,,HAE,heat_exchanger_air_cooler,AirCoolerOp
item_number,,meta_data,meta_data,description,,,,,HAE,heat_exchanger_air_cooler,AirCoolerOp
plant_name,,meta_data,meta_data,description,,,,,HAE,heat_exchanger_air_cooler,AirCoolerOp
plant_number,,meta_data,meta_data,description,,,,,HAE,heat_exchanger_air_cooler,AirCoolerOp
document_number,,meta_data,meta_data,description,,,,,HAE,heat_exchanger_air_cooler,AirCoolerOp
manufacture,,meta_data,meta_data,description,,,,,HAE,heat_exchanger_air_cooler,AirCoolerOp
client_name,,meta_data,meta_data,description,,,,,HAE,heat_exchanger_air_cooler,AirCoolerOp
unit,,meta_data,meta_data,description,,,,,HAE,heat_exchanger_air_cooler,AirCoolerOp
site,,meta_data,meta_data,description,,,,,HAE,heat_exchanger_air_cooler,AirCoolerOp
service_name,,meta_data,meta_data,description,,,,,HAE,heat_exchanger_air_cooler,AirCoolerOp
asset_type,"equipment_type,unit_operation_type",meta_data,meta_data,description,general,,,,HAE,heat_exchanger_air_cooler,AirCoolerOp
asset_title,"equipment_title,unit_operation_title",meta_data,meta_data,description,general,,,,HAE,heat_exchanger_air_cooler,AirCoolerOp
number_of_bays,,asset,equipments,description,general,design,,,HAE,heat_exchanger_air_cooler,AirCoolerOp
surface_per_unit_finned_tube,,asset,equipments,description,general,,,,HAE,heat_exchanger_air_cooler,AirCoolerOp
surface_per_unit_bare_tube,,asset,equipments,description,general,,,,HAE,heat_exchanger_air_cooler,AirCoolerOp
heat_exchanged,,asset,equipments,description,general,,,,HAE,heat_exchanger_air_cooler,AirCoolerOp
transfer_rate_finned_tube,,asset,equipments,description,general,,,,HAE,heat_exchanger_air_cooler,AirCoolerOp
transfer_rate_bare_tube,,asset,equipments,description,general,,,,HAE,heat_exchanger_air_cooler,AirCoolerOp
transfer_rate_service,,asset,equipments,description,general,,,,HAE,heat_exchanger_air_cooler,AirCoolerOp
transfer_rate_clean,,asset,equipments,description,general,,,,HAE,heat_exchanger_air_cooler,AirCoolerOp
MTD_effective,,asset,equipments,description,general,,,,HAE,heat_exchanger_air_cooler,AirCoolerOp
lethal_service,,asset,equipments,performance_of_one_unit,operating_conditions,performance_data,,,HAE,heat_exchanger_air_cooler,AirCoolerOp
fluid_nature,,asset,equipments,performance_of_one_unit,operating_conditions,performance_data,,,HAE,heat_exchanger_air_cooler,AirCoolerOp
inlet_name,"feed_name,process_stream_inlet_name",inlet,nozzles,performance_of_one_unit,operating_conditions,performance_data,,,HAE,heat_exchanger_air_cooler,AirCoolerOp
inlet_tag,"feed_tag,process_stream_inlet_tag",inlet,nozzles,performance_of_one_unit,operating_conditions,performance_data,,,HAE,heat_exchanger_air_cooler,AirCoolerOp
outlet_name,"discharge_name,process_stream_outlet_name",outlet,nozzles,performance_of_one_unit,operating_conditions,performance_data,,,HAE,heat_exchanger_air_cooler,AirCoolerOp
outlet_tag,"discharge_tag,process_stream_outlet_tag",outlet,nozzles,performance_of_one_unit,operating_conditions,performance_data,,,HAE,heat_exchanger_air_cooler,AirCoolerOp
fluid_name,fluid_description,tube side and air side,subparts,performance_of_one_unit,operating_conditions,performance_data,,,HAE,heat_exchanger_air_cooler,AirCoolerOp
mass_flowrate,"total_fluid_entering,total_fluid,total_fluid_flow,fluid_quantity_total",inlet and outlet,nozzles,performance_of_one_unit,operating_conditions,performance_data,,,HAE,heat_exchanger_air_cooler,AirCoolerOp
operating_temperature,,inlet and outlet,nozzles,performance_of_one_unit,operating_conditions,performance_data,,,HAE,heat_exchanger_air_cooler,AirCoolerOp
inlet_temperature,,tube side and air side,subparts,performance_of_one_unit,operating_conditions,performance_data,,,HAE,heat_exchanger_air_cooler,AirCoolerOp
outlet_temperature,,tube side and air side,subparts,performance_of_one_unit,operating_conditions,performance_data,,,HAE,heat_exchanger_air_cooler,AirCoolerOp
liquid_flowrate,"liquid_flow,liquid_flow_total,liquid_total_flowrate,liquid_quantity_total",inlet and outlet,nozzles,performance_of_one_unit,operating_conditions,performance_data,,,HAE,heat_exchanger_air_cooler,AirCoolerOp
vapor_flowrate,"vapour_flow,vapour_flow_total,vapour_total_flowrate,vapour_quantity_total",inlet and outlet,nozzles,performance_of_one_unit,operating_conditions,performance_data,,,HAE,heat_exchanger_air_cooler,AirCoolerOp
steam_flowrate,"steam_flow,steam_flow_total,steam_total_flowrate,steam_quantity_total",inlet and outlet,nozzles,performance_of_one_unit,operating_conditions,performance_data,,,HAE,heat_exchanger_air_cooler,AirCoolerOp
water_flowrate,"water_flow,water_flow_total,water_total_flowrate,water_quantity_total",inlet and outlet,nozzles,performance_of_one_unit,operating_conditions,performance_data,,,HAE,heat_exchanger_air_cooler,AirCoolerOp
stream_flowrate,"stream_flow,stream_flow_total,stream_total_flowrate,stream_quantity_total",inlet and outlet,nozzles,performance_of_one_unit,operating_conditions,performance_data,,,HAE,heat_exchanger_air_cooler,AirCoolerOp
non_condensable_flowrate,"non_condensable_flow,non_condensable_flow_total,non_condensable_total_flowrate,non_condensables_total",inlet and outlet,nozzles,performance_of_one_unit,operating_conditions,performance_data,,,HAE,heat_exchanger_air_cooler,AirCoolerOp
viscosity,,inlet and outlet,nozzles,performance_of_one_unit,operating_conditions,performance_data,,,HAE,heat_exchanger_air_cooler,AirCoolerOp
vapour_viscosity,vapor_viscosity,inlet and outlet,nozzles,performance_of_one_unit,operating_conditions,performance_data,,,HAE,heat_exchanger_air_cooler,AirCoolerOp
liquid_viscosity,,inlet and outlet,nozzles,performance_of_one_unit,operating_conditions,performance_data,,,HAE,heat_exchanger_air_cooler,AirCoolerOp
density,,inlet and outlet,nozzles,performance_of_one_unit,operating_conditions,performance_data,,,HAE,heat_exchanger_air_cooler,AirCoolerOp
vapour_density,,inlet and outlet,nozzles,performance_of_one_unit,operating_conditions,performance_data,,,HAE,heat_exchanger_air_cooler,AirCoolerOp
liquid_density,,inlet and outlet,nozzles,performance_of_one_unit,operating_conditions,performance_data,,,HAE,heat_exchanger_air_cooler,AirCoolerOp
liquid_thermal_conductivity,,inlet and outlet,nozzles,performance_of_one_unit,operating_conditions,performance_data,,,HAE,heat_exchanger_air_cooler,AirCoolerOp
vapor_thermal_conductivity,vapour_thermal_conductivity,inlet and outlet,nozzles,performance_of_one_unit,operating_conditions,performance_data,,,HAE,heat_exchanger_air_cooler,AirCoolerOp
vapor_molecular_weight,vapour_molecular_weight,inlet and outlet,nozzles,performance_of_one_unit,operating_conditions,performance_data,,,HAE,heat_exchanger_air_cooler,AirCoolerOp
liquid_molecular_weight,,inlet and outlet,nozzles,performance_of_one_unit,operating_conditions,performance_data,,,HAE,heat_exchanger_air_cooler,AirCoolerOp
non_condensable_molecular_weight,non_condensables_molecular_weight,inlet and outlet,nozzles,performance_of_one_unit,operating_conditions,performance_data,,,HAE,heat_exchanger_air_cooler,AirCoolerOp
specific_heat_capacity,specific_heat,inlet and outlet,nozzles,performance_of_one_unit,operating_conditions,performance_data,,,HAE,heat_exchanger_air_cooler,AirCoolerOp
vapour_specific_heat_capacity,"vapour_specific_heat,vapor_specific_heat",inlet and outlet,nozzles,performance_of_one_unit,operating_conditions,performance_data,,,HAE,heat_exchanger_air_cooler,AirCoolerOp
liquid_specific_heat_capacity,liquid_specific_heat,inlet and outlet,nozzles,performance_of_one_unit,operating_conditions,performance_data,,,HAE,heat_exchanger_air_cooler,AirCoolerOp
conductivity,,inlet and outlet,nozzles,performance_of_one_unit,operating_conditions,performance_data,,,HAE,heat_exchanger_air_cooler,AirCoolerOp
liquid_conductivity,,inlet and outlet,nozzles,performance_of_one_unit,operating_conditions,performance_data,,,HAE,heat_exchanger_air_cooler,AirCoolerOp
vapor_conductivity,vapour_conductivity,inlet and outlet,nozzles,performance_of_one_unit,operating_conditions,performance_data,,,HAE,heat_exchanger_air_cooler,AirCoolerOp
velocity,,inlet and outlet,nozzles,performance_of_one_unit,operating_conditions,performance_data,,,HAE,heat_exchanger_air_cooler,AirCoolerOp
maximum_velocity,,inlet and outlet,nozzles,performance_of_one_unit,operating_conditions,performance_data,,,HAE,heat_exchanger_air_cooler,AirCoolerOp
bubble_point,,inlet and outlet,nozzles,performance_of_one_unit,operating_conditions,performance_data,,,HAE,heat_exchanger_air_cooler,AirCoolerOp
dew_point,,inlet and outlet,nozzles,performance_of_one_unit,operating_conditions,performance_data,,,HAE,heat_exchanger_air_cooler,AirCoolerOp
latent_heat,,inlet and outlet,nozzles,performance_of_one_unit,operating_conditions,performance_data,,,HAE,heat_exchanger_air_cooler,AirCoolerOp
vapour_latent_heat,,inlet and outlet,nozzles,performance_of_one_unit,operating_conditions,performance_data,,,HAE,heat_exchanger_air_cooler,AirCoolerOp
liquid_latent_heat,,inlet and outlet,nozzles,performance_of_one_unit,operating_conditions,performance_data,,,HAE,heat_exchanger_air_cooler,AirCoolerOp
inlet_pressure,,tube side and air side,subparts,performance_of_one_unit,operating_conditions,performance_data,,,HAE,heat_exchanger_air_cooler,AirCoolerOp
inlet_pressure_maximum,,tube side and air side,subparts,performance_of_one_unit,operating_conditions,performance_data,,,HAE,heat_exchanger_air_cooler,AirCoolerOp
inlet_pressure_normal,,tube side and air side,subparts,performance_of_one_unit,operating_conditions,performance_data,,,HAE,heat_exchanger_air_cooler,AirCoolerOp
pressure_drop_specified,"pressure_drop,delta_p",tube side and air side,subparts,performance_of_one_unit,operating_conditions,performance_data,,,HAE,heat_exchanger_air_cooler,AirCoolerOp
pressure_drop_allowed,"dp_allowed,delta_pressure_allowed,allowable_pressure_drop",tube side and air side,subparts,performance_of_one_unit,operating_conditions,performance_data,,,HAE,heat_exchanger_air_cooler,AirCoolerOp
pressure_drop_calculated,"dp_calculated,delta_pressure_calculated",tube side and air side,subparts,performance_of_one_unit,operating_conditions,performance_data,,,HAE,heat_exchanger_air_cooler,AirCoolerOp
fouling,fouling_resistance,tube side and air side,subparts,performance_of_one_unit,operating_conditions,performance_data,,,HAE,heat_exchanger_air_cooler,AirCoolerOp
air_flowrate,"air_quantity_total,air_flow_total,air_total_flowrate",air side,subparts,performance_of_one_unit,operating_conditions,performance_data,,,HAE,heat_exchanger_air_cooler,AirCoolerOp
air_flowrate_fan,"air_quantity_total_fan,air_flow_total_fan,air_total_flowrate_fan",air side,subparts,performance_of_one_unit,operating_conditions,performance_data,,,HAE,heat_exchanger_air_cooler,AirCoolerOp
actual_static_pressure,,air side,subparts,performance_of_one_unit,operating_conditions,performance_data,,,HAE,heat_exchanger_air_cooler,AirCoolerOp
face_velocity,,air side,subparts,performance_of_one_unit,operating_conditions,performance_data,,,HAE,heat_exchanger_air_cooler,AirCoolerOp
mass_velocity,,air side,subparts,performance_of_one_unit,operating_conditions,performance_data,,,HAE,heat_exchanger_air_cooler,AirCoolerOp
air_temperature,,air side,subparts,performance_of_one_unit,operating_conditions,performance_data,,,HAE,heat_exchanger_air_cooler,AirCoolerOp
design_relative_humidity,,air side,subparts,performance_of_one_unit,operating_conditions,performance_data,,,HAE,heat_exchanger_air_cooler,AirCoolerOp
ambient_design_temperature,,air side,subparts,performance_of_one_unit,operating_conditions,performance_data,,,HAE,heat_exchanger_air_cooler,AirCoolerOp
maximum_ambient_design_temperature,max_ambient_design_temperature,air side,subparts,performance_of_one_unit,operating_conditions,performance_data,,,HAE,heat_exchanger_air_cooler,AirCoolerOp
minimum_ambient_design_temperature,min_ambient_design_temperature,air side,subparts,performance_of_one_unit,operating_conditions,performance_data,,,HAE,heat_exchanger_air_cooler,AirCoolerOp
number_of_bays_per_unit,,asset,equipments,design,construction,design_and_construction,,,HAE,heat_exchanger_air_cooler,AirCoolerOp
bundles_per_bay,,asset,equipments,design,construction,design_and_construction,,,HAE,heat_exchanger_air_cooler,AirCoolerOp
fans_per_bay,,asset,equipments,design,construction,design_and_construction,,,HAE,heat_exchanger_air_cooler,AirCoolerOp
frame_type,,asset,equipments,design,construction,design_and_construction,,,HAE,heat_exchanger_air_cooler,AirCoolerOp
fan_diameter,,asset,equipments,design,construction,design_and_construction,,,HAE,heat_exchanger_air_cooler,AirCoolerOp
fan_configuration,,asset,equipments,design,construction,design_and_construction,,,HAE,heat_exchanger_air_cooler,AirCoolerOp
tube_side_flow_orientation,,asset,equipments,design,construction,design_and_construction,,,HAE,heat_exchanger_air_cooler,AirCoolerOp
design_pressure,,asset,equipments and nozzles,design,construction,design_and_construction,,,HAE,heat_exchanger_air_cooler,AirCoolerOp
design_pressure_maximum,,asset,equipments,design,construction,design_and_construction,,,HAE,heat_exchanger_air_cooler,AirCoolerOp
design_pressure_minium,,asset,equipments,design,construction,design_and_construction,,,HAE,heat_exchanger_air_cooler,AirCoolerOp
number_of_bundles,,asset,equipments,design,construction,design_and_construction,,,HAE,heat_exchanger_air_cooler,AirCoolerOp
tube_bundle,,asset,equipments,design,construction,design_and_construction,,,HAE,heat_exchanger_air_cooler,AirCoolerOp
bundle_size,,asset,equipments,design,construction,design_and_construction,,,HAE,heat_exchanger_air_cooler,AirCoolerOp
number_of_tube_row,,asset,equipments,design,construction,design_and_construction,,,HAE,heat_exchanger_air_cooler,AirCoolerOp
number_of_bundles_in_parallel,number_of_bundles_in_parallel,asset,equipments,design,construction,design_and_construction,,,HAE,heat_exchanger_air_cooler,AirCoolerOp
number_of_bays_in_series,number_of_bays_in_series,asset,equipments,design,construction,design_and_construction,,,HAE,heat_exchanger_air_cooler,AirCoolerOp
bundle_frame,,asset,equipments,design,construction,design_and_construction,,,HAE,heat_exchanger_air_cooler,AirCoolerOp
structural_mount,,asset,equipments,design,construction,design_and_construction,,,HAE,heat_exchanger_air_cooler,AirCoolerOp
surface_preparation,,asset,equipments,design,construction,design_and_construction,,,HAE,heat_exchanger_air_cooler,AirCoolerOp
louvers,,asset,equipments,design,construction,design_and_construction,,,HAE,heat_exchanger_air_cooler,AirCoolerOp
vibration_switches,,asset,equipments,design,construction,design_and_construction,,,HAE,heat_exchanger_air_cooler,AirCoolerOp
test_pressure,,asset,equipments,design,construction,design_and_construction,,,HAE,heat_exchanger_air_cooler,AirCoolerOp
header_type,,asset,equipments,design,construction,design_and_construction,,,HAE,heat_exchanger_air_cooler,AirCoolerOp
header_material,,asset,equipments,design,construction,design_and_construction,,,HAE,heat_exchanger_air_cooler,AirCoolerOp
number_of_passes,,asset,equipments,design,construction,design_and_construction,,,HAE,heat_exchanger_air_cooler,AirCoolerOp
number_of_rows,,asset,equipments,design,construction,design_and_construction,,,HAE,heat_exchanger_air_cooler,AirCoolerOp
number_of_tubes_per_bundle,"no_bundle,number_bundle",asset,equipments,design,construction,design_and_construction,,,HAE,heat_exchanger_air_cooler,AirCoolerOp
type_of_bundle,,asset,equipments,design,construction,design_and_construction,,,HAE,heat_exchanger_air_cooler,AirCoolerOp
plug_material,,asset,equipments,design,construction,design_and_construction,,,HAE,heat_exchanger_air_cooler,AirCoolerOp
gasket_material,,asset,equipments,design,construction,design_and_construction,,,HAE,heat_exchanger_air_cooler,AirCoolerOp
corrosion_allowance,,asset,equipments,design,construction,design_and_construction,,,HAE,heat_exchanger_air_cooler,AirCoolerOp
inlet_nozzle_size,,asset,equipments,design,construction,design_and_construction,,,HAE,heat_exchanger_air_cooler,AirCoolerOp
number_of_ inlet_nozzles,,asset,equipments,design,construction,design_and_construction,,,HAE,heat_exchanger_air_cooler,AirCoolerOp
outlet_nozzle_size,,asset,equipments,design,construction,design_and_construction,,,HAE,heat_exchanger_air_cooler,AirCoolerOp
number_of_outlet_nozzles,,asset,equipments,design,construction,design_and_construction,,,HAE,heat_exchanger_air_cooler,AirCoolerOp
special_nozzle_size,,asset,equipments,design,construction,design_and_construction,,,HAE,heat_exchanger_air_cooler,AirCoolerOp
number_of_special_nozzles,,asset,equipments,design,construction,design_and_construction,,,HAE,heat_exchanger_air_cooler,AirCoolerOp
ansi_rating_class,,asset,equipments,design,construction,design_and_construction,,,HAE,heat_exchanger_air_cooler,AirCoolerOp
ansi_rating_facing,,asset,equipments,design,construction,design_and_construction,,,HAE,heat_exchanger_air_cooler,AirCoolerOp
asme_code_stamp,,asset,equipments,design,construction,design_and_construction,,,HAE,heat_exchanger_air_cooler,AIrCoolerOp
TI,,asset,equipments,design,construction,design_and_construction,,,HAE,heat_exchanger_air_cooler,AirCoolerOp
PI,,asset,equipments,design,construction,design_and_construction,,,HAE,heat_exchanger_air_cooler,AirCoolerOp
chemical_cleaning,chem_cleaning,asset,equipments,design,construction,design_and_construction,,,HAE,heat_exchanger_air_cooler,AirCoolerOp
design_temperature,,inlet and outlet,nozzles,design,construction,design_and_construction,performance_of_one_unit,operating_conditions,HAE,heat_exchanger_air_cooler,AirCoolerOp
minimum_design_temperature,design_temperature_minimum,asset,equipments,design,construction,design_and_construction,,,HAE,heat_exchanger_air_cooler,AirCoolerOp
maximum_design_temperature,design_temperature_maximum,asset,equipments,design,construction,design_and_construction,,,HAE,heat_exchanger_air_cooler,AirCoolerOp
tube_material,,asset,equipments,design,construction,design_and_construction,,,HAE,heat_exchanger_air_cooler,AirCoolerOp
type,,asset,equipments,design,construction,design_and_construction,,,HAE,heat_exchanger_air_cooler,AirCoolerOp
tube_outer_diameter,"tube_outer_diameter_size,tube_od",asset,equipments,design,construction,design_and_construction,,,HAE,heat_exchanger_air_cooler,AirCoolerOp
tube_thickness,"tube_thick,tube_wall_thickness,tube_min_thick,min_thick",asset,equipments,design,construction,design_and_construction,,,HAE,heat_exchanger_air_cooler,AirCoolerOp
tube_length,length,asset,equipments,design,construction,design_and_construction,,,HAE,heat_exchanger_air_cooler,AirCoolerOp
tube_pitch,pitch,asset,equipments,design,construction,design_and_construction,,,HAE,heat_exchanger_air_cooler,AirCoolerOp
tube_pitch_type,,asset,equipments,design,construction,design_and_construction,,,HAE,heat_exchanger_air_cooler,AirCoolerOp
fin_type,,asset,equipments,design,construction,design_and_construction,,,HAE,heat_exchanger_air_cooler,AirCoolerOp
fin_frequency,,asset,equipments,design,construction,design_and_construction,,,HAE,heat_exchanger_air_cooler,AirCoolerOp
fin_tip_diameter,,asset,equipments,design,construction,design_and_construction,,,HAE,heat_exchanger_air_cooler,AirCoolerOp
fin_thickness,,asset,equipments,design,construction,design_and_construction,,,HAE,heat_exchanger_air_cooler,AirCoolerOp
fin_material,,asset,equipments,design,construction,design_and_construction,,,HAE,heat_exchanger_air_cooler,AirCoolerOp
fin_outer_diameter,"fin_outer_diameter_size,fin_od",asset,equipments,design,construction,design_and_construction,,,HAE,heat_exchanger_air_cooler,AirCoolerOp
stock_thickness,stock_thick,asset,equipments,design,construction,design_and_construction,,,HAE,heat_exchanger_air_cooler,AirCoolerOp
number_of_fins_per_inch,,asset,equipments,design,construction,design_and_construction,,,HAE,heat_exchanger_air_cooler,AirCoolerOp
fin_design_temperature,,asset,equipments,design,construction,design_and_construction,,,HAE,heat_exchanger_air_cooler,AirCoolerOp
design_specification,,asset,equipments,design,construction,design_and_construction,,,HAE,heat_exchanger_air_cooler,AirCoolerOp
type_of_duty,,asset,equipments,design,construction,design_and_construction,,,HAE,heat_exchanger_air_cooler,AirCoolerOp
material,,asset,equipments,design,construction,design_and_construction,,,HAE,heat_exchanger_air_cooler,AirCoolerOp
project_number,,meta_data,meta_data,description,,,,,HBA,heat_exchanger_multi_stream,LngOp
item_number,,meta_data,meta_data,description,,,,,HBA,heat_exchanger_multi_stream,LngOp
plant_name,,meta_data,meta_data,description,,,,,HBA,heat_exchanger_multi_stream,LngOp
plant_number,,meta_data,meta_data,description,,,,,HBA,heat_exchanger_multi_stream,LngOp
document_number,,meta_data,meta_data,description,,,,,HBA,heat_exchanger_multi_stream,LngOp
manufacture,,meta_data,meta_data,description,,,,,HBA,heat_exchanger_multi_stream,LngOp
client_name,,meta_data,meta_data,description,,,,,HBA,heat_exchanger_multi_stream,LngOp
unit,,meta_data,meta_data,description,,,,,HBA,heat_exchanger_multi_stream,LngOp
site,,meta_data,meta_data,description,,,,,HBA,heat_exchanger_multi_stream,LngOp
service_name,,meta_data,meta_data,description,,,,,HBA,heat_exchanger_multi_stream,LngOp
asset_title,"equipment_title,unit_operation_title",meta_data,meta_data,description,,,,,HBA,heat_exchanger_multi_stream,LngOp
asset_type,"equipment_type,unit_operation_type",meta_data,meta_data,description,performance_data,,,,HBA,heat_exchanger_multi_stream,LngOp
heat_exchanger_side,"heat_exchanger_section,heat_exchanger_zone",side or section,subparts,performance_data,operating_conditions,performance_data,,,HBA,heat_exchanger_multi_stream,LngOp
stream_tag,"stream_name,stream",inlet and outlet,nozzles,performance_of_one_unit,operating_conditions,performance_data,process_data,,HBA,heat_exchanger_multi_stream,LngOp
fluid_name,fluid_description,side or section,subparts,performance_of_one_unit,operating_conditions,performance_data,process_data,,HBA,heat_exchanger_multi_stream,LngOp
flammable,,side or section,subparts,performance_of_one_unit,operating_conditions,performance_data,process_data,,HBA,heat_exchanger_multi_stream,LngOp
explosive,,side or section,subparts,performance_of_one_unit,operating_conditions,performance_data,process_data,,HBA,heat_exchanger_multi_stream,LngOp
corrosive,,side or section,subparts,performance_of_one_unit,operating_conditions,performance_data,process_data,,HBA,heat_exchanger_multi_stream,LngOp
erosive,,side or section,subparts,performance_of_one_unit,operating_conditions,performance_data,process_data,,HBA,heat_exchanger_multi_stream,LngOp
heat_duty,,side or section,subparts,performance_of_one_unit,operating_conditions,performance_data,process_data,,HBA,heat_exchanger_multi_stream,LngOp
mass_flowrate,"total_fluid_flow,total_fluid,total_fluid_entering,fluid_quantity_total,total_fluid",inlet and outlet,nozzles,performance_of_one_unit,operating_conditions,performance_data,process_data,,HBA,heat_exchanger_multi_stream,LngOp
vapor_flowrate,"total_vapor_flowrate,vapour_flow,vapour_flow_total,vapour_total_flowrate,vapor_quantity_total,vapour_flowrate",inlet and outlet,nozzles,performance_of_one_unit,operating_conditions,performance_data,process_data,,HBA,heat_exchanger_multi_stream,LngOp
liquid_flowrate,"total_liquid_flowrate,liquid_flow,liquid_flow_total,liquid_total_flowrate,liquid_quantity_total",inlet and outlet,nozzles,performance_of_one_unit,operating_conditions,performance_data,process_data,,HBA,heat_exchanger_multi_stream,LngOp
non_condensable_flowrate,"total_non_condensable_flowrate,non_condensable_flow,non_condensable_flow_total,non_condensable_total_flowrate,non_condensables_total",inlet and outlet,nozzles,performance_of_one_unit,operating_conditions,performance_data,process_data,,HBA,heat_exchanger_multi_stream,LngOp
fluid_condensed,,inlet and outlet,nozzles,performance_of_one_unit,operating_conditions,performance_data,process_data,,HBA,heat_exchanger_multi_stream,LngOp
fluid_vaporized,,inlet and outlet,nozzles,performance_of_one_unit,operating_conditions,performance_data,process_data,,HBA,heat_exchanger_multi_stream,LngOp
viscosity,,inlet and outlet,nozzles,performance_of_one_unit,operating_conditions,performance_data,process_data,,HBA,heat_exchanger_multi_stream,LngOp
vapour_viscosity,vapor_viscosity,inlet and outlet,nozzles,performance_of_one_unit,operating_conditions,performance_data,process_data,,HBA,heat_exchanger_multi_stream,LngOp
liquid_viscosity,,inlet and outlet,nozzles,performance_of_one_unit,operating_conditions,performance_data,process_data,,HBA,heat_exchanger_multi_stream,LngOp
density,,inlet and outlet,nozzles,performance_of_one_unit,operating_conditions,performance_data,process_data,,HBA,heat_exchanger_multi_stream,LngOp
vapour_density,vapor_density,inlet and outlet,nozzles,performance_of_one_unit,operating_conditions,performance_data,process_data,,HBA,heat_exchanger_multi_stream,LngOp
liquid_density,,inlet and outlet,nozzles,performance_of_one_unit,operating_conditions,performance_data,process_data,,HBA,heat_exchanger_multi_stream,LngOp
specific_heat_capacity,specific_heat,inlet and outlet,nozzles,performance_of_one_unit,operating_conditions,performance_data,process_data,,HBA,heat_exchanger_multi_stream,LngOp
vapour_specific_heat_capacity,"vapour_specific_heat,vapor_specific_heat,vapor_specific_heat_capacity",inlet and outlet,nozzles,performance_of_one_unit,operating_conditions,performance_data,process_data,,HBA,heat_exchanger_multi_stream,LngOp
liquid_specific_heat_capacity,liquid_specific_heat,inlet and outlet,nozzles,performance_of_one_unit,operating_conditions,performance_data,process_data,,HBA,heat_exchanger_multi_stream,LngOp
conductivity,,inlet and outlet,nozzles,performance_of_one_unit,operating_conditions,performance_data,process_data,,HBA,heat_exchanger_multi_stream,LngOp
liquid_conductivity,,inlet and outlet,nozzles,performance_of_one_unit,operating_conditions,performance_data,process_data,,HBA,heat_exchanger_multi_stream,LngOp
liquid_thermal_conductivity,,inlet and outlet,nozzles,performance_of_one_unit,operating_conditions,performance_data,process_data,,HBA,heat_exchanger_multi_stream,LngOp
vapour_conductivity,vapor_conductivity,inlet and outlet,nozzles,performance_of_one_unit,operating_conditions,performance_data,process_data,,HBA,heat_exchanger_multi_stream,LngOp
vapour_thermal_conductivity,vapor_thermal_conductivity,inlet and outlet,nozzles,performance_of_one_unit,operating_conditions,performance_data,process_data,,HBA,heat_exchanger_multi_stream,LngOp
molecular_weight,,inlet and outlet,nozzles,performance_of_one_unit,operating_conditions,performance_data,process_data,,HBA,heat_exchanger_multi_stream,LngOp
liquid_molecular_weight,,inlet and outlet,nozzles,performance_of_one_unit,operating_conditions,performance_data,process_data,,HBA,heat_exchanger_multi_stream,LngOp
vapour_molecular_weight,vapor_molecular_weight,inlet and outlet,nozzles,performance_of_one_unit,operating_conditions,performance_data,process_data,,HBA,heat_exchanger_multi_stream,LngOp
latent_heat,,side or section,subparts,performance_of_one_unit,operating_conditions,performance_data,process_data,,HBA,heat_exchanger_multi_stream,LngOp
coeff_of_vol_expansion(liq),coefficient_of_volume_expansion,inlet and outlet,nozzles,performance_of_one_unit,operating_conditions,performance_data,process_data,,HBA,heat_exchanger_multi_stream,LngOp
surface_tension,,inlet and outlet,nozzles,performance_of_one_unit,operating_conditions,performance_data,process_data,,HBA,heat_exchanger_multi_stream,LngOp
liquid_surface_tension,,inlet and outlet,nozzles,performance_of_one_unit,operating_conditions,performance_data,process_data,,HBA,heat_exchanger_multi_stream,LngOp
temperature,,inlet and outlet,nozzles,performance_of_one_unit,operating_conditions,performance_data,process_data,,HBA,heat_exchanger_multi_stream,LngOp
bubble_point,,inlet and outlet,nozzles,performance_of_one_unit,operating_conditions,performance_data,process_data,,HBA,heat_exchanger_multi_stream,LngOp
dew_point,,inlet and outlet,nozzles,performance_of_one_unit,operating_conditions,performance_data,process_data,,HBA,heat_exchanger_multi_stream,LngOp
normal_inlet_pressure,,inlet,nozzles,performance_of_one_unit,operating_conditions,performance_data,process_data,,HBA,heat_exchanger_multi_stream,LngOp
maximum_inlet_pressure,,inlet,nozzles,performance_of_one_unit,operating_conditions,performance_data,process_data,,HBA,heat_exchanger_multi_stream,LngOp
pressure_drop_allowed,"dp_allowed,delta_pressure_allowed,allowable_pressure_drop",side or section,subparts,performance_of_one_unit,operating_conditions,performance_data,process_data,,HBA,heat_exchanger_multi_stream,LngOp
pressure_drop_calculated,"dp_calculated,delta_pressure_calculated",side or section,subparts,performance_of_one_unit,operating_conditions,performance_data,process_data,,HBA,heat_exchanger_multi_stream,LngOp
maximum_allowable_pressure_drop,"maximum_pressure_drop_allowed,maximum_dp_allowed,maximum_delta_pressure_allowed",side or section,subparts,performance_of_one_unit,operating_conditions,performance_data,process_data,,HBA,heat_exchanger_multi_stream,LngOp
maximum_calculated_pressure_drop,"maximum_pressure_drop_calculated,maximum_dp_calculate,maximum_delta_pressure_calculate",side or section,subparts,performance_of_one_unit,operating_conditions,performance_data,process_data,,HBA,heat_exchanger_multi_stream,LngOp
friction_pressure_drop_calculated,"friction_dp_calculated,friction_delta_pressure_calculated",side or section,subparts,performance_of_one_unit,operating_conditions,performance_data,process_data,,HBA,heat_exchanger_multi_stream,LngOp
maximum_velocity,,side or section,subparts,performance_of_one_unit,operating_conditions,performance_data,process_data,,HBA,heat_exchanger_multi_stream,LngOp
minimum_velocity,,side or section,subparts,performance_of_one_unit,operating_conditions,performance_data,process_data,,HBA,heat_exchanger_multi_stream,LngOp
fouling,fouling_resistance,side or section,subparts,performance_of_one_unit,operating_conditions,performance_data,process_data,,HBA,heat_exchanger_multi_stream,LngOp
maximum_design_pressure,,side or section,subparts,performance_of_one_unit,operating_conditions,performance_data,process_data,,HBA,heat_exchanger_multi_stream,LngOp
minimum_design_pressure,,side or section,subparts,performance_of_one_unit,operating_conditions,performance_data,process_data,,HBA,heat_exchanger_multi_stream,LngOp
maximum_design_temperature,,side or section,subparts,performance_of_one_unit,operating_conditions,performance_data,process_data,,HBA,heat_exchanger_multi_stream,LngOp
minimum_design_temperature,,side or section,subparts,performance_of_one_unit,operating_conditions,performance_data,process_data,,HBA,heat_exchanger_multi_stream,LngOp
heat_transfered,,side or section,subparts,performance_of_one_unit,operating_conditions,performance_data,process_data,,HBA,heat_exchanger_multi_stream,LngOp
design_temperature,,asset,equipments,construction_data_per_core,construction,design,,,HBA,heat_exchanger_multi_stream,LngOp
MAWP,,side or section,subparts,construction_data_per_core,construction,design,,,HBA,heat_exchanger_multi_stream,LngOp
main_fin,,asset,equipments,construction_data_per_core,construction,design,fin_data,,HBA,heat_exchanger_multi_stream,LngOp
distributor_fin,,asset,equipments,construction_data_per_core,construction,design,fin_data,,HBA,heat_exchanger_multi_stream,LngOp
layer,,asset,equipments,construction_data_per_core,construction,design,fin_data,,HBA,heat_exchanger_multi_stream,LngOp
number_of_layers,,asset,equipments,construction_data_per_core,construction,design,fin_data,,HBA,heat_exchanger_multi_stream,LngOp
main_fin_length,length_main_fin,asset,equipments,construction_data_per_core,construction,design,fin_data,,HBA,heat_exchanger_multi_stream,LngOp
main_fin_width,width_main_fin,asset,equipments,construction_data_per_core,construction,design,fin_data,,HBA,heat_exchanger_multi_stream,LngOp
surface_area,surface,asset,equipments,construction_data_per_core,construction,design,fin_data,,HBA,heat_exchanger_multi_stream,LngOp
fin_height,,asset,equipments,construction_data_per_core,construction,design,fin_data,,HBA,heat_exchanger_multi_stream,LngOp
fin_thickness,,asset,equipments,construction_data_per_core,construction,design,fin_data,,HBA,heat_exchanger_multi_stream,LngOp
fins_per_inch,,asset,equipments,construction_data_per_core,construction,design,fin_data,,HBA,heat_exchanger_multi_stream,LngOp
type_of_fin,,asset,equipments,construction_data_per_core,construction,design,fin_data,,HBA,heat_exchanger_multi_stream,LngOp
project_number,,meta_data,meta_data,description,,,,,HBG,heat_exchanger_shell_and_tube,HeatExOp
item_number,,meta_data,meta_data,description,,,,,HBG,heat_exchanger_shell_and_tube,HeatExOp
plant_name,,meta_data,meta_data,description,,,,,HBG,heat_exchanger_shell_and_tube,HeatExOp
plant_number,,meta_data,meta_data,description,,,,,HBG,heat_exchanger_shell_and_tube,HeatExOp
document_number,,meta_data,meta_data,description,,,,,HBG,heat_exchanger_shell_and_tube,HeatExOp
manufacturer,,meta_data,meta_data,description,general,,,,HBG,heat_exchanger_shell_and_tube,HeatExOp
client_name,,meta_data,meta_data,description,,,,,HBG,heat_exchanger_shell_and_tube,HeatExOp
unit,,meta_data,meta_data,description,,,,,HBG,heat_exchanger_shell_and_tube,HeatExOp
site,,meta_data,meta_data,description,,,,,HBG,heat_exchanger_shell_and_tube,HeatExOp
service_name,,meta_data,meta_data,description,,,,,HBG,heat_exchanger_shell_and_tube,HeatExOp
asset_type,"equipment_type,unit_operation_type",asset,equipments,general,description,,,,HBG,heat_exchanger_shell_and_tube,HeatExOp
effective_surface_per_unit,effective_surface_unit,asset,equipments,general,description,,,,HBG,heat_exchanger_shell_and_tube,HeatExOp
gross_surface_per_unit,gross_surface_unit,asset,equipments,general,description,,,,HBG,heat_exchanger_shell_and_tube,HeatExOp
surface_per_unit,,asset,equipments,general,description,,,,HBG,heat_exchanger_shell_and_tube,HeatExOp
shell_per_unit,,asset,equipments,general,description,,,,HBG,heat_exchanger_shell_and_tube,HeatExOp
effective_surface_per_shell,effective_surface_shell,asset,equipments,general,description,,,,HBG,heat_exchanger_shell_and_tube,HeatExOp
gross_surface_per_shell,gross_surface_shell,asset,equipments,general,description,,,,HBG,heat_exchanger_shell_and_tube,HeatExOp
inlet_name,feed_name,inlet,nozzles,performance_of_one_unit,operating_conditions,performance_data,,,HBG,heat_exchanger_shell_and_tube,HeatExOp
inlet_tag,feed_tag,inlet,nozzles,performance_of_one_unit,operating_conditions,performance_data,,,HBG,heat_exchanger_shell_and_tube,HeatExOp
outlet_name,discharge_name,outlet,nozzles,performance_of_one_unit,operating_conditions,performance_data,,,HBG,heat_exchanger_shell_and_tube,HeatExOp
outlet_tag,discharge_tag,outlet,nozzles,performance_of_one_unit,operating_conditions,performance_data,,,HBG,heat_exchanger_shell_and_tube,HeatExOp
overall_ua,UA,asset,equipments,performance_of_one_unit,operating_conditions,performance_data,,,HBG,heat_exchanger_shell_and_tube,HeatExOp
ht_coeff,"heat_transfer_coefficient,ht_coefficient,u",shell side and tube side,subparts,performance_of_one_unit,operating_conditions,performance_data,,,HBG,heat_exchanger_shell_and_tube,HeatExOp
overall_u,u,asset,equipments,performance_of_one_unit,operating_conditions,performance_data,,,HBG,heat_exchanger_shell_and_tube,HeatExOp
fouling,fouling_resistance,shell side and tube side,subparts,performance_of_one_unit,operating_conditions,performance_data,,,HBG,heat_exchanger_shell_and_tube,HeatExOp
heat_leak,heat_loss,asset,equipments,performance_of_one_unit,operating_conditions,performance_data,,,HBG,heat_exchanger_shell_and_tube,HeatExOp
heat_duty,duty,asset,equipments,performance_of_one_unit,operating_conditions,performance_data,,,HBG,heat_exchanger_shell_and_tube,HeatExOp
vapour_fraction,fraction,inlet and outlet,nozzles,performance_of_one_unit,operating_conditions,performance_data,,,HBG,heat_exchanger_shell_and_tube,HeatExOp
temperature,operating_temperature,inlet and outlet,nozzles,performance_of_one_unit,operating_conditions,performance_data,,,HBG,heat_exchanger_shell_and_tube,HeatExOp
pressure,pressure_normal,inlet and outlet,nozzles,performance_of_one_unit,operating_conditions,performance_data,,,HBG,heat_exchanger_shell_and_tube,HeatExOp
specified_pressure_drop,"calculated_pressure_drop,pressure_drop,delta_p",shell side and tube side,subparts,performance_of_one_unit,operating_conditions,performance_data,,,HBG,heat_exchanger_shell_and_tube,HeatExOp
molar_flowrate,"molar_flow,molar_flow_total,molar_total_flowrate",inlet and outlet,nozzles,performance_of_one_unit,operating_conditions,performance_data,,,HBG,heat_exchanger_shell_and_tube,HeatExOp
mass_flowrate,"mass_flow,mass_flow_total,mass_total_flowrate",inlet and outlet,nozzles,performance_of_one_unit,operating_conditions,performance_data,,,HBG,heat_exchanger_shell_and_tube,HeatExOp
heat_flow,"heat_flow_total,heat_flow_total,heat_total_flowrate",inlet and outlet,nozzles,performance_of_one_unit,operating_conditions,performance_data,,,HBG,heat_exchanger_shell_and_tube,HeatExOp
fluid_flowrate,"fluid_flow,fluid_flow_total,fluid_total_flowrate,fluid_quantity_total",inlet and outlet,nozzles,performance_of_one_unit,operating_conditions,performance_data,,,HBG,heat_exchanger_shell_and_tube,HeatExOp
steam_flowrate,"steam_flow,steam_flow_total,steam_total_flowrate,steam_quantity_total",inlet and outlet,nozzles,performance_of_one_unit,operating_conditions,performance_data,,,HBG,heat_exchanger_shell_and_tube,HeatExOp
water_flowrate,"water_flow,water_flow_total,water_total_flowrate",inlet and outlet,nozzles,performance_of_one_unit,operating_conditions,performance_data,,,HBG,heat_exchanger_shell_and_tube,HeatExOp
vapour_flowrate,"vapour_flow,vapour_flow_total,vapour_total_flowrate,vapor_flowrate",inlet and outlet,nozzles,performance_of_one_unit,operating_conditions,performance_data,,,HBG,heat_exchanger_shell_and_tube,HeatExOp
stream_flowrate,"stream_flow,stream_flow_total,stream_total_flowrate",inlet and outlet,nozzles,performance_of_one_unit,operating_conditions,performance_data,,,HBG,heat_exchanger_shell_and_tube,HeatExOp
liquid_flowrate,"liquid_flow,liquid_flow_total,liquid_total_flowrate",inlet and outlet,nozzles,performance_of_one_unit,operating_conditions,performance_data,,,HBG,heat_exchanger_shell_and_tube,HeatExOp
non_condensable_flowrate,"non_condensable_flow,non_condensable_flow_total,non_condensable_total_flowrate",inlet and outlet,nozzles,performance_of_one_unit,operating_conditions,performance_data,,,HBG,heat_exchanger_shell_and_tube,HeatExOp
non_condensable_molecular_weight,,inlet and outlet,nozzles,performance_of_one_unit,operating_conditions,performance_data,,,HBG,heat_exchanger_shell_and_tube,HeatExOp
water_molecular_weight,,inlet and outlet,nozzles,performance_of_one_unit,operating_conditions,performance_data,,,HBG,heat_exchanger_shell_and_tube,HeatExOp
vapor_molecular_weight,vapour_molecular_weight,inlet and outlet,nozzles,performance_of_one_unit,operating_conditions,performance_data,,,HBG,heat_exchanger_shell_and_tube,HeatExOp
min.approach,minimum_approach,asset,equipments,performance_of_one_unit,operating_conditions,performance_data,,,HBG,heat_exchanger_shell_and_tube,HeatExOp
lmtd,"log_mean_temperature_difference,log_mean_temp_diff,mtd",asset,equipments,performance_of_one_unit,operating_conditions,performance_data,,,HBG,heat_exchanger_shell_and_tube,HeatExOp
ua_curvature_error,,asset,equipments,performance_of_one_unit,operating_conditions,performance_data,,,HBG,heat_exchanger_shell_and_tube,HeatExOp
hot_pinch_temp,,asset,equipments,performance_of_one_unit,operating_conditions,performance_data,,,HBG,heat_exchanger_shell_and_tube,HeatExOp
cold_pinch_temp,,asset,equipments,performance_of_one_unit,operating_conditions,performance_data,,,HBG,heat_exchanger_shell_and_tube,HeatExOp
ft_factor,,asset,equipments,performance_of_one_unit,operating_conditions,performance_data,,,HBG,heat_exchanger_shell_and_tube,HeatExOp
uncorrected_lmtd,,asset,equipments,performance_of_one_unit,operating_conditions,performance_data,,,HBG,heat_exchanger_shell_and_tube,HeatExOp
fluid_name,"commodity_name,fluid,commodity,fluid_circulated",shell side and tube side,subparts,performance_of_one_unit,operating_conditions,performance_data,,,HBG,heat_exchanger_shell_and_tube,HeatExOp
density,,inlet and outlet,nozzles,performance_of_one_unit,operating_conditions,performance_data,,,HBG,heat_exchanger_shell_and_tube,HeatExOp
viscosity,,inlet and outlet,nozzles,performance_of_one_unit,operating_conditions,performance_data,,,HBG,heat_exchanger_shell_and_tube,HeatExOp
specific_heat_capacity,specific_heat,inlet and outlet,nozzles,performance_of_one_unit,operating_conditions,performance_data,,,HBG,heat_exchanger_shell_and_tube,HeatExOp
latent_heat,,inlet and outlet,nozzles,performance_of_one_unit,operating_conditions,performance_data,,,HBG,heat_exchanger_shell_and_tube,HeatExOp
thermal_conductivity,,inlet and outlet,nozzles,performance_of_one_unit,operating_conditions,performance_data,,,HBG,heat_exchanger_shell_and_tube,HeatExOp
vapour_density,,inlet and outlet,nozzles,performance_of_one_unit,operating_conditions,performance_data,,,HBG,heat_exchanger_shell_and_tube,HeatExOp
vapour_viscosity,,inlet and outlet,nozzles,performance_of_one_unit,operating_conditions,performance_data,,,HBG,heat_exchanger_shell_and_tube,HeatExOp
vapour_specific_heat_capacity,"vapour_specific_heat,vapor_specific_heat",inlet and outlet,nozzles,performance_of_one_unit,operating_conditions,performance_data,,,HBG,heat_exchanger_shell_and_tube,HeatExOp
vapour_thermal_conductivity,vapor_thermal_conductivity,inlet and outlet,nozzles,performance_of_one_unit,operating_conditions,performance_data,,,HBG,heat_exchanger_shell_and_tube,HeatExOp
vapour_latent_heat,,inlet and outlet,nozzles,performance_of_one_unit,operating_conditions,performance_data,,,HBG,heat_exchanger_shell_and_tube,HeatExOp
bubble_point,,inlet and outlet,nozzles,performance_of_one_unit,operating_conditions,performance_data,,,HBG,heat_exchanger_shell_and_tube,HeatExOp
liquid_density,,inlet and outlet,nozzles,performance_of_one_unit,operating_conditions,performance_data,,,HBG,heat_exchanger_shell_and_tube,HeatExOp
liquid_viscosity,,inlet and outlet,nozzles,performance_of_one_unit,operating_conditions,performance_data,,,HBG,heat_exchanger_shell_and_tube,HeatExOp
liquid_specific_heat_capacity,liquid_specific_heat,inlet and outlet,nozzles,performance_of_one_unit,operating_conditions,performance_data,,,HBG,heat_exchanger_shell_and_tube,HeatExOp
liquid_thermal_conductivity,,inlet and outlet,nozzles,performance_of_one_unit,operating_conditions,performance_data,,,HBG,heat_exchanger_shell_and_tube,HeatExOp
liquid_latent_heat,,inlet and outlet,nozzles,performance_of_one_unit,operating_conditions,performance_data,,,HBG,heat_exchanger_shell_and_tube,HeatExOp
liquid_surface_tension,,inlet and outlet,nozzles,performance_of_one_unit,operating_conditions,performance_data,,,HBG,heat_exchanger_shell_and_tube,HeatExOp
liquid_molecular_weight,,inlet and outlet,nozzles,performance_of_one_unit,operating_conditions,performance_data,,,HBG,heat_exchanger_shell_and_tube,HeatExOp
dew_point,,inlet and outlet,nozzles,performance_of_one_unit,operating_conditions,performance_data,,,HBG,heat_exchanger_shell_and_tube,HeatExOp
water_density,,inlet and outlet,nozzles,performance_of_one_unit,operating_conditions,performance_data,,,HBG,heat_exchanger_shell_and_tube,HeatExOp
water_viscosity,,inlet and outlet,nozzles,performance_of_one_unit,operating_conditions,performance_data,,,HBG,heat_exchanger_shell_and_tube,HeatExOp
water_thermal_conductivity,,inlet and outlet,nozzles,performance_of_one_unit,operating_conditions,performance_data,,,HBG,heat_exchanger_shell_and_tube,HeatExOp
velocity,,inlet and outlet,nozzles,performance_of_one_unit,operating_conditions,performance_data,,,HBG,heat_exchanger_shell_and_tube,HeatExOp
minimum_velocity,,inlet and outlet,nozzles,performance_of_one_unit,operating_conditions,performance_data,,,HBG,heat_exchanger_shell_and_tube,HeatExOp
maximum_velocity,,inlet and outlet,nozzles,performance_of_one_unit,operating_conditions,performance_data,,,HBG,heat_exchanger_shell_and_tube,HeatExOp
inlet_pressure,,shell side and tube side,subpart,performance_of_one_unit,operating_conditions,performance_data,,,HBG,heat_exchanger_shell_and_tube,HeatExOp
inlet_pressure_maximum,,shell side and tube side,subpart,performance_of_one_unit,operating_conditions,performance_data,,,HBG,heat_exchanger_shell_and_tube,HeatExOp
heat_exchanged,,asset,equipments,performance_of_one_unit,operating_conditions,performance_data,,,HBG,heat_exchanger_shell_and_tube,HeatExOp
lmtd_corrected,mtd_corrected,asset,equipments,performance_of_one_unit,operating_conditions,performance_data,,,HBG,heat_exchanger_shell_and_tube,HeatExOp
lmtd_weighted,lmtd_weighted,asset,equipments,performance_of_one_unit,operating_conditions,performance_data,,,HBG,heat_exchanger_shell_and_tube,HeatExOp
heat_exchanged_mtd,,asset,equipments,performance_of_one_unit,operating_conditions,performance_data,,,HBG,heat_exchanger_shell_and_tube,HeatExOp
service_transfer_rate,"actual_transfer_rate,transfer_rate_service",asset,equipments,performance_of_one_unit,operating_conditions,performance_data,,,HBG,heat_exchanger_shell_and_tube,HeatExOp
clean_transfer_rate,transfer_rate_clean,asset,equipments,performance_of_one_unit,operating_conditions,performance_data,,,HBG,heat_exchanger_shell_and_tube,HeatExOp
dirty_transfer_rate,transfer_rate_dirty,asset,equipments,performance_of_one_unit,operating_conditions,performance_data,,,HBG,heat_exchanger_shell_and_tube,HeatExOp
design_transfer_rate,,asset,equipments,performance_of_one_unit,operating_conditions,performance_data,,,HBG,heat_exchanger_shell_and_tube,HeatExOp
exchanger_orientation,,asset,equipments,construction,design,,,,HBG,heat_exchanger_shell_and_tube,HeatExOp
design_pressure,,shell side and tube side,subparts and nozzles,construction,design,performance_data,performance_of_one_unit,operating_conditions,HBG,heat_exchanger_shell_and_tube,HeatExOp
test_pressure,,shell side and tube side,subparts,construction,design,performance_data,performance_of_one_unit,operating_conditions,HBG,heat_exchanger_shell_and_tube,HeatExOp
design_temperature,,inlet and outlet,nozzles,construction,design,performance_data,performance_of_one_unit,operating_conditions,HBG,heat_exchanger_shell_and_tube,HeatExOp
test_temperature,,inlet and outlet,nozzles,construction,design,performance_data,performance_of_one_unit,operating_conditions,HBG,heat_exchanger_shell_and_tube,HeatExOp
min_design_temperature,"minimum_design_temperature,design_temperature_minimum",inlet and outlet,nozzles,performance_of_one_unit,operating_conditions,performance_data,construction,,HBG,heat_exchanger_shell_and_tube,HeatExOp
max_design_temperature,"maximum_design_temperature,design_temperature_maximum",inlet and outlet,nozzles,performance_of_one_unit,operating_conditions,performance_data,construction,,HBG,heat_exchanger_shell_and_tube,HeatExOp
pressure_drop_allowed,"dp_allowed,delta_pressure_allowed",shell side and tube side,subparts,performance_of_one_unit,operating_conditions,performance_data,,,HBG,heat_exchanger_shell_and_tube,HeatExOp
pressure_drop_calculated,"dp_calculated,delta_pressure_calculated",shell side and tube side,subparts,performance_of_one_unit,operating_conditions,performance_data,,,HBG,heat_exchanger_shell_and_tube,HeatExOp
number_of_passes,no.of_passes,shell side and tube side,subparts,construction,design,mechanical,,,HBG,heat_exchanger_shell_and_tube,HeatExOp
number_of_passes_per_shell,,shell side and tube side,subparts,construction,design,mechanical,,,HBG,heat_exchanger_shell_and_tube,HeatExOp
tube_type,tube_type_of,asset,equipments,construction,design,geometry,,,HBG,heat_exchanger_shell_and_tube,HeatExOp
tube_passes_per_shell,,asset,equipments,construction,design,mechanical,,,HBG,heat_exchanger_shell_and_tube,HeatExOp
shells_in_series,"number_of_shells_series,shells_series",asset,equipments,construction,design,mechanical,,,HBG,heat_exchanger_shell_and_tube,HeatExOp
heat_transfer_area_per_shell,ht_area_per_shell,asset,equipments,construction,design,mechanical,,,HBG,heat_exchanger_shell_and_tube,HeatExOp
tube_volume_per_shell,tube_vol_per_shell,asset,equipments,construction,design,mechanical,,,HBG,heat_exchanger_shell_and_tube,HeatExOp
shell_volume_per_shell,,asset,equipments,construction,design,mechanical,,,HBG,heat_exchanger_shell_and_tube,HeatExOp
number_of_tubes_per_shell,,asset,equipments,construction,design,mechanical,,,HBG,heat_exchanger_shell_and_tube,HeatExOp
baffle_type,,asset,equipments,construction,design,mechanical,,,HBG,heat_exchanger_shell_and_tube,HeatExOp
baffle_orientation,,asset,equipments,construction,design,mechanical,,,HBG,heat_exchanger_shell_and_tube,HeatExOp
baffle_cut,baffle_%cut,asset,equipments,construction,design,mechanical,,,HBG,heat_exchanger_shell_and_tube,HeatExOp
baffle_spacing,,asset,equipments,construction,design,mechanical,,,HBG,heat_exchanger_shell_and_tube,HeatExOp
number_of_tubes,,asset,equipments,construction,design,mechanical,,,HBG,heat_exchanger_shell_and_tube,HeatExOp
first_tube_pass_flow_direction,,asset,equipments,construction,design,mechanical,,,HBG,heat_exchanger_shell_and_tube,HeatExOp
tube_pitch,,asset,equipments,construction,design,geometry,,,HBG,heat_exchanger_shell_and_tube,HeatExOp
layout_angle,,asset,equipments,construction,design,geometry,,,HBG,heat_exchanger_shell_and_tube,HeatExOp
tube_pitch_orientation,pitch_orientation,asset,equipments,construction,design,mechanical,,,HBG,heat_exchanger_shell_and_tube,HeatExOp
shell_od,shell_outer_diameter,asset,equipments,construction,design,geometry,,,HBG,heat_exchanger_shell_and_tube,HeatExOp
tube_od,tube_outer_diameter,asset,equipments,construction,design,geometry,,,HBG,heat_exchanger_shell_and_tube,HeatExOp
shell_id,shell_internal_diameter,asset,equipments,construction,design,geometry,,,HBG,heat_exchanger_shell_and_tube,HeatExOp
tube_id,tube_internal_diameter,asset,equipments,construction,design,mechanical,,,HBG,heat_exchanger_shell_and_tube,HeatExOp
tube_thickness,"tube_thick,thickness,min_thick",asset,equipments,construction,design,geometry,,,HBG,heat_exchanger_shell_and_tube,HeatExOp
tube_length,length,asset,equipments,construction,design,geometry,,,HBG,heat_exchanger_shell_and_tube,HeatExOp
thermal_conductivity,,shell side and tube side,subparts,construction,design,mechanical,,,HBG,heat_exchanger_shell_and_tube,HeatExOp
wall_cp,wall_specific_heat,shell side and tube side,subparts,construction,design,mechanical,,,HBG,heat_exchanger_shell_and_tube,HeatExOp
wall_density,,shell side and tube side,subparts,construction,design,mechanical,,,HBG,heat_exchanger_shell_and_tube,HeatExOp
volume,,shell side and tube side,subparts,construction,design,mechanical,,,HBG,heat_exchanger_shell_and_tube,HeatExOp
corrosion_allowance,,shell side and tube side,subparts,construction,design,mechanical,,,HBG,heat_exchanger_shell_and_tube,HeatExOp
inlet_connection_size_rating_type,,shell side and tube side,subparts,construction,design,mechanical,,,HBG,heat_exchanger_shell_and_tube,HeatExOp
outlet_connection_size_rating_type,,shell side and tube side,subparts,construction,design,mechanical,,,HBG,heat_exchanger_shell_and_tube,HeatExOp
intermediate_connection_size_rating_type,,shell side and tube side,subparts,construction,design,mechanical,,,HBG,heat_exchanger_shell_and_tube,HeatExOp
first_pass,,asset,equipments,construction,design,mechanical,,,HBG,heat_exchanger_shell_and_tube,HeatExOp
elevation,"base_elevation,elevation(base)",asset,equipments,construction,design,mechanical,,,HBG,heat_exchanger_shell_and_tube,HeatExOp
tube_material,"tube, material",asset,equipments,construction,design,material_of_construction,,,HBG,heat_exchanger_shell_and_tube,HeatExOp
shell_material,"shell, material",asset,equipments,construction,design,material_of_construction,,,HBG,heat_exchanger_shell_and_tube,HeatExOp
shell_cover,,asset,equipments,construction,design,material_of_construction,,,HBG,heat_exchanger_shell_and_tube,HeatExOp
tube_number,tube_no,asset,equipments,construction,design,geometry,,,HBG,heat_exchanger_shell_and_tube,HeatExOp
tube_pattern,,asset,equipments,construction,design,mechanical,,,HBG,heat_exchanger_shell_and_tube,HeatExOp
channel_or_bonnet,,asset,equipments,construction,design,material_of_construction,,,HBG,heat_exchanger_shell_and_tube,HeatExOp
channel_cover,,asset,equipments,construction,design,material_of_construction,,,HBG,heat_exchanger_shell_and_tube,HeatExOp
tube_sheet_stationary,,asset,equipments,construction,design,material_of_construction,,,HBG,heat_exchanger_shell_and_tube,HeatExOp
tube_sheet_floating,,asset,equipments,construction,design,material_of_construction,,,HBG,heat_exchanger_shell_and_tube,HeatExOp
floating_head_cover,,asset,equipments,construction,design,material_of_construction,,,HBG,heat_exchanger_shell_and_tube,HeatExOp
impingement_plate,,asset,equipments,construction,design,geometry,,,HBG,heat_exchanger_shell_and_tube,HeatExOp
baffle_cross,,asset,equipments,construction,design,mechanical,,,HBG,heat_exchanger_shell_and_tube,HeatExOp
baffle_number,,asset,equipments,construction,design,mechanical,,,HBG,heat_exchanger_shell_and_tube,HeatExOp
baffle_c/c,,asset,equipments,construction,design,mechanical,,,HBG,heat_exchanger_shell_and_tube,HeatExOp
baffle_inlet,,asset,equipments,construction,design,mechanical,,,HBG,heat_exchanger_shell_and_tube,HeatExOp
baffle_outlet,,asset,equipments,construction,design,mechanical,,,HBG,heat_exchanger_shell_and_tube,HeatExOp
baffles_long,baffle_long,asset,equipments,construction,design,mechanical,,,HBG,heat_exchanger_shell_and_tube,HeatExOp
seal_type,,asset,equipments,construction,design,mechanical,,,HBG,heat_exchanger_shell_and_tube,HeatExOp
supports_tube,tube_supports,asset,equipments,construction,design,mechanical,,,HBG,heat_exchanger_shell_and_tube,HeatExOp
supports_u-bend,u-bend_supports,asset,equipments,construction,design,mechanical,,,HBG,heat_exchanger_shell_and_tube,HeatExOp
supports_type,support_type,asset,equipments,construction,design,mechanical,,,HBG,heat_exchanger_shell_and_tube,HeatExOp
bypass_seal_arrangement,,asset,equipments,construction,design,mechanical,,,HBG,heat_exchanger_shell_and_tube,HeatExOp
tube_tubesheet_joint,,asset,equipments,construction,design,mechanical,,,HBG,heat_exchanger_shell_and_tube,HeatExOp
expansion_joint,,asset,equipments,construction,design,mechanical,,,HBG,heat_exchanger_shell_and_tube,HeatExOp
expansion_type,,asset,equipments,construction,design,mechanical,,,HBG,heat_exchanger_shell_and_tube,HeatExOp
rho_v2_inlet_nozzle,,asset,equipments,construction,design,mechanical,,,HBG,heat_exchanger_shell_and_tube,HeatExOp
bundle_entrance,,asset,equipments,construction,design,mechanical,,,HBG,heat_exchanger_shell_and_tube,HeatExOp
bundle_exit,,asset,equipments,construction,design,mechanical,,,HBG,heat_exchanger_shell_and_tube,HeatExOp
gaskets_shell_side,shell_side_gasket,asset,equipments,construction,design,mechanical,,,HBG,heat_exchanger_shell_and_tube,HeatExOp
gaskets_tube_side,tube_side_gasket,asset,equipments,construction,design,mechanical,,,HBG,heat_exchanger_shell_and_tube,HeatExOp
code_requirements,,asset,equipments,construction,design,mechanical,,,HBG,heat_exchanger_shell_and_tube,HeatExOp
tema_class,,asset,equipments,construction,design,mechanical,,,HBG,heat_exchanger_shell_and_tube,HeatExOp
shell_weight,,asset,equipments,construction,design,mechanical,,,HBG,heat_exchanger_shell_and_tube,HeatExOp
filled_with_water_weight,,asset,equipments,construction,design,mechanical,,,HBG,heat_exchanger_shell_and_tube,HeatExOp
bundle_weight,,asset,equipments,construction,design,mechanical,,,HBG,heat_exchanger_shell_and_tube,HeatExOp
item_number,item_no,meta_data,meta_data,description,,,,,,drum,
service_description,"service_description,service",meta_data,meta_data,description,,,,,,drum,
project_number,project_no,meta_data,meta_data,description,,,,,,drum,
area,area,meta_data,meta_data,description,,,,,,drum,
unit,unit,meta_data,meta_data,description,,,,,,drum,
inquiry_number,inquiry_no,meta_data,meta_data,description,,,,,,drum,
po_number,po_no,meta_data,meta_data,description,,,,,,drum,
revision,revision,meta_data,meta_data,description,,,,,,drum,
date,date,meta_data,meta_data,description,,,,,,drum,
client,client,meta_data,meta_data,description,,,,,,drum,
vendor,vendor,meta_data,meta_data,description,,,,,,drum,
plant,plant,meta_data,meta_data,description,,,,,,drum,
site,site,meta_data,meta_data,description,,,,,,drum,
design_basis,design_basis,asset,equipments,design_conditions,,,,,,drum,
stamping_requirement,stamping_requirement,asset,equipments,design_conditions,,,,,,drum,
internal_design_pressure,internal_design_pressure,asset,equipments,design_conditions,,,,,,drum,
design_temperature,design_temperature,asset,equipments,design_conditions,,,,,,drum,
external_design_pressure,external_design_pressure,asset,equipments,design_conditions,,,,,,drum,
minimum_design_metal_temperature,minimum_design_metal_temp,asset,equipments,design_conditions,,,,,,drum,
specific_gravity_of_liquid,specific_gravity_of_liquid,asset,equipments,design_conditions,,,,,,drum,
high_liquid_level,high_liquid_level,asset,equipments,design_conditions,,,,,,drum,
normal_liquid_level,normal_liquid_level,asset,equipments,design_conditions,,,,,,drum,
low_liquid_level,low_liquid_level,asset,equipments,design_conditions,,,,,,drum,
vessel_orientation,vessel_orientation,asset,equipments,design_conditions,,,,,,drum,
inside_diameter,inside_diameter,asset,equipments,design_conditions,,,,,,drum,
tan_to_tan_length,tan_to_tan_length,asset,equipments,design_conditions,,,,,,drum,
internal_operating_pressure,internal_operating_pressure,asset,equipments,design_conditions,,,,,,drum,
external_operating_pressure,external_operating_pressure,asset,equipments,operating_conditions,,,,,,drum,
low_temperature,low_temperature,asset,equipments,operating_conditions,,,,,,drum,
hydrogen_partial_pressure,hydrogen_partial_pressure,asset,equipments,operating_conditions,,,,,,drum,
project_number,,meta_data,meta_data,description,,,,,PBA and PAX,pump,PumpOp
item_number,,meta_data,meta_data,description,,,,,PBA and PAX,pump,PumpOp
plant_name,,meta_data,meta_data,description,,,,,PBA and PAX,pump,PumpOp
plant_number,,meta_data,meta_data,description,,,,,PBA and PAX,pump,PumpOp
document_number,,meta_data,meta_data,description,,,,,PBA and PAX,pump,PumpOp
manufacture,,meta_data,meta_data,description,,,,,PBA and PAX,pump,PumpOp
client_name,,meta_data,meta_data,description,,,,,PBA and PAX,pump,PumpOp
unit,,meta_data,meta_data,description,,,,,PBA and PAX,pump,PumpOp
site,,meta_data,meta_data,description,,,,,PBA and PAX,pump,PumpOp
service_name,,meta_data,meta_data,description,,,,,PBA and PAX,pump,PumpOp
asset_title,"equipment_title,unit_operation_title",meta_data,meta_data,description,,,,,PBA and PAX,pump,PumpOp
asset_type,"equipment_type,unit_operation_type",meta_data,meta_data,description,,,,,PBA and PAX,pump,PumpOp
inlet_name,"feed_name,inlet_stream_name,liquid_pumped",asset,equipments,operating_conditions,,,,,PBA and PAX,pump,PumpOp
inlet_tag,"feed_tag,inlet_stream_tag",asset,equipments,operating_conditions,,,,,PBA and PAX,pump,PumpOp
outlet_name,"discharge_name,outlet_stream_name",asset,equipments,operating_conditions,,,,,PBA and PAX,pump,PumpOp
outlet_tag,"discharge_tag,outlet_stream_tag",asset,equipments,operating_conditions,,,,,PBA and PAX,pump,PumpOp
flow_normal,normal_flowrate,asset,equipments,operating_conditions,,,,,PBA and PAX,pump,PumpOp
flow_rated,rated_flowrate,asset,equipments,operating_conditions,,,,,PBA and PAX,pump,PumpOp
flowrate,,asset,equipments,operating_conditions,,,,,PBA and PAX,pump,PumpOp
maximum_suction_pressure,"suction_pressure_maximum,max_suction_pressure",asset,equipments,operating_conditions,,,,,PBA and PAX,pump,PumpOp
rated_suction_pressure,suction_pressure_rated,asset,equipments,operating_conditions,,,,,PBA and PAX,pump,PumpOp
maximum_discharge_pressure,"discharge_pressure_maximum,max_discharge_pressure",asset,equipments,operating_conditions,,,,,PBA and PAX,pump,PumpOp
rated_discharge_pressure,discharge_pressure_rated,asset,equipments,operating_conditions,,,,,PBA and PAX,pump,PumpOp
differential_pressure,,asset,equipments,operating_conditions,,,,,PBA and PAX,pump,PumpOp
differential_head,,asset,equipments,operating_conditions,,,,,PBA and PAX,pump,PumpOp
NPSHA,,asset,equipments,operating_conditions,,,,,PBA and PAX,pump,PumpOp
liquid_name,,asset,equipments,operating_conditions,liquid,,,,PBA and PAX,pump,PumpOp
liquid_type,,asset,equipments,operating_conditions,liquid,,,,PBA and PAX,pump,PumpOp
minimum_pumping_temperature,,asset,equipments,operating_conditions,liquid,,,,PBA and PAX,pump,PumpOp
normal_pumping_temperature,,asset,equipments,operating_conditions,liquid,,,,PBA and PAX,pump,PumpOp
maximum_pumping_temperature,,asset,equipments,operating_conditions,liquid,,,,PBA and PAX,pump,PumpOp
minimum_vapor_pressure,,asset,equipments,operating_conditions,liquid,,,,PBA and PAX,pump,PumpOp
normal_vapor_pressure,,asset,equipments,operating_conditions,liquid,,,,PBA and PAX,pump,PumpOp
maximum_vapor_pressure,,asset,equipments,operating_conditions,liquid,,,,PBA and PAX,pump,PumpOp
minimum_relative_density,,asset,equipments,operating_conditions,liquid,,,,PBA and PAX,pump,PumpOp
normal_relative_density,,asset,equipments,operating_conditions,liquid,,,,PBA and PAX,pump,PumpOp
maximum_relative_density,,asset,equipments,operating_conditions,liquid,,,,PBA and PAX,pump,PumpOp
minimum_viscosity,,asset,equipments,operating_conditions,liquid,,,,PBA and PAX,pump,PumpOp
normal_viscosity,,asset,equipments,operating_conditions,liquid,,,,PBA and PAX,pump,PumpOp
maximum_visocisty,,asset,equipments,operating_conditions,liquid,,,,PBA and PAX,pump,PumpOp
minimum_specific_heat,,asset,equipments,operating_conditions,liquid,,,,PBA and PAX,pump,PumpOp
normal_specific_heat,,asset,equipments,operating_conditions,liquid,,,,PBA and PAX,pump,PumpOp
maximum_specific_heat,,asset,equipments,operating_conditions,liquid,,,,PBA and PAX,pump,PumpOp
chloride_concentration,,asset,equipments,operating_conditions,liquid,,,,PBA and PAX,pump,PumpOp
h2s_concentration,,asset,equipments,operating_conditions,liquid,,,,PBA and PAX,pump,PumpOp
corrosive_agent,,asset,equipments,operating_conditions,liquid,,,,PBA and PAX,pump,PumpOp
erosive_agent,,asset,equipments,operating_conditions,liquid,,,,PBA and PAX,pump,PumpOp
proposal_curve_n,,asset,equipments,performance_data,,,,,PBA and PAX,pump,PumpOp
speed,rated_speed,asset,equipments,performance_data,,,,,PBA and PAX,pump,PumpOp
impeller_dia_rated,,asset,equipments,performance_data,,,,,PBA and PAX,pump,PumpOp
impeller_dia_maximum,,asset,equipments,performance_data,,,,,PBA and PAX,pump,PumpOp
impeller_dia_minimum,,asset,equipments,performance_data,,,,,PBA and PAX,pump,PumpOp
impeller_type,,asset,equipments,performance_data,,,,,PBA and PAX,pump,PumpOp
rated_power,,asset,equipments,performance_data,,,,,PBA and PAX,pump,PumpOp
efficiency,,asset,equipments,performance_data,,,,,PBA and PAX,pump,PumpOp
rated_point_efficiency,,asset,equipments,performance_data,,,,,PBA and PAX,pump,PumpOp
maximum_head_at_rated_impeller,impeller_maximum_head,asset,equipments,performance_data,,,,,PBA and PAX,pump,PumpOp
maximum_power_at_rated_impeller,,asset,equipments,performance_data,,,,,PBA and PAX,pump,PumpOp
NPSHR_at_rated_flow,,asset,equipments,performance_data,,,,,PBA and PAX,pump,PumpOp
power,,asset,equipments,motor_driver,,,,,PBA and PAX,pump,PumpOp
speed,,asset,equipments,motor_driver,,,,,PBA and PAX,pump,PumpOp
frame,,asset,equipments,motor_driver,,,,,PBA and PAX,pump,PumpOp
enclosure,,asset,equipments,motor_driver,,,,,PBA and PAX,pump,PumpOp
volts,,asset,equipments,motor_driver,,,,,PBA and PAX,pump,PumpOp
phase,,asset,equipments,motor_driver,,,,,PBA and PAX,pump,PumpOp
hertz,,asset,equipments,motor_driver,,,,,PBA and PAX,pump,PumpOp
type,,asset,equipments,motor_driver,,,,,PBA and PAX,pump,PumpOp
insulation,,asset,equipments,motor_driver,,,,,PBA and PAX,pump,PumpOp
bhp_normal,,asset,equipments,performance_data,,,,,PBA and PAX,pump,PumpOp
bhp_rated,,asset,equipments,performance_data,,,,,PBA and PAX,pump,PumpOp
bhp_max,,asset,equipments,performance_data,,,,,PBA and PAX,pump,PumpOp
stage_horse_power,,asset,equipments,performance_data,,,,,PBA and PAX,pump,PumpOp
rated_impeller,,asset,equipments,performance_data,,,,,PBA and PAX,pump,PumpOp
rated_head,,asset,equipments,performance_data,,,,,PBA and PAX,pump,PumpOp
max_head,,asset,equipments,performance_data,,,,,PBA and PAX,pump,PumpOp
minimum_submergence,,asset,equipments,performance_data,,,,,PBA and PAX,pump,PumpOp
minimum_continuous_flow,,asset,equipments,performance_data,,,,,PBA and PAX,pump,PumpOp
maximum_case_pressure,,asset,equipments,operating_conditions,,,,,PBA and PAX,pump,PumpOp
pump_capacity_normal,,asset,equipments,operating_conditions,,,,,PBA and PAX,pump,PumpOp
discharge_pressure_normal,,outlet,nozzles,operating_conditions,,,,,PBA and PAX,pump,PumpOp
suction_pressure_normal,,inlet,nozzles,operating_conditions,,,,,PBA and PAX,pump,PumpOp
corrosion_and_abrasion,,asset,equipments,operating_conditions,,,,,PBA and PAX,pump,PumpOp
vapor_pressure_pt,,asset,equipments,operating_conditions,,,,,PBA and PAX,pump,PumpOp
flammable,,asset,equipments,operating_conditions,,,,,PBA and PAX,pump,PumpOp
capacity,cap,asset,equipments,operating_conditions,,,,,PBA and PAX,pump,PumpOp
hydraulic_horse_power,,asset,equipments,operating_conditions,,,,,PBA and PAX,pump,PumpOp
viscosity_pt,,asset,equipments,operating_conditions,,,,,PBA and PAX,pump,PumpOp
viscosity_cs,,asset,equipments,operating_conditions,,,,,PBA and PAX,pump,PumpOp
specific_gravity_cs,,asset,equipments,operating_conditions,,,,,PBA and PAX,pump,PumpOp
specific_gravity_pt,,asset,equipments,operating_conditions,,,,,PBA and PAX,pump,PumpOp
appendix_h_class,,asset,equipments,material,,,,,PBA and PAX,pump,PumpOp
reduced_hardness_materials_required,,asset,equipments,material,,,,,PBA and PAX,pump,PumpOp
minimum_design_metal_temperature,,asset,equipments,material,,,,,PBA and PAX,pump,PumpOp
applicable_hardness_standard,,asset,equipments,material,,,,,PBA and PAX,pump,PumpOp
barrel,,asset,equipments,material,,,,,PBA and PAX,pump,PumpOp
case,,asset,equipments,material,,,,,PBA and PAX,pump,PumpOp
diffusers,,asset,equipments,material,,,,,PBA and PAX,pump,PumpOp
impeller,,asset,equipments,material,,,,,PBA and PAX,pump,PumpOp
impeller_wear_ring,,asset,equipments,material,,,,,PBA and PAX,pump,PumpOp
case_wear_ring,,asset,equipments,material,,,,,PBA and PAX,pump,PumpOp
shaft,,asset,equipments,material,,,,,PBA and PAX,pump,PumpOp
inspection_class,,asset,equipments,material,,,,,PBA and PAX,pump,PumpOp
bowl,,asset,equipments,material,,,,,PBA and PAX,pump,PumpOp
casing_mounting,,asset,equipments,casing,,,,,PBA and PAX,pump,PumpOp
casing_type,,asset,equipments,casing,,,,,PBA and PAX,pump,PumpOp
case_pressure_rating_mawp,mawp_case_pressure_rating,asset,equipments,casing,,,,,PBA and PAX,pump,PumpOp
case_pressure_rating_hydrotest,hydrotest_case_pressure_rating,asset,equipments,casing,,,,,PBA and PAX,pump,PumpOp
sealing_method_api_seal_type,,asset,equipments,mechanical_information,,,,,PBA and PAX,pump,PumpOp
api_seal_type,,asset,equipments,mechanical_information,,,,,PBA and PAX,pump,PumpOp
api_seal_arrangement,,asset,equipments,mechanical_information,,,,,PBA and PAX,pump,PumpOp
min_required_sealing_control_level,minimum_required_sealing_control_level,asset,equipments,mechanical_information,,,,,PBA and PAX,pump,PumpOp
allowable_stream_emission_limit,,asset,equipments,mechanical_information,,,,,PBA and PAX,pump,PumpOp
respiratory_exposure_class,,asset,equipments,mechanical_information,,,,,PBA and PAX,pump,PumpOp
flushing_system,,asset,equipments,mechanical_information,,,,,PBA and PAX,pump,PumpOp
api_flust_plan,api_flust_plans,asset,equipments,mechanical_information,,,,,PBA and PAX,pump,PumpOp
buffer_barrier_fluid,,asset,equipments,mechanical_information,,,,,PBA and PAX,pump,PumpOp
api_quench_plan,api_quench_plans,asset,equipments,mechanical_information,,,,,PBA and PAX,pump,PumpOp
special_seal_features,,asset,equipments,mechanical_information,,,,,PBA and PAX,pump,PumpOp
pulsation_control,pulsation_control_suction_discharge,asset,equipments,mechanical_information,,,,,PBA and PAX,pump,PumpOp
simulations,simulations_acoustic_mech_dynamic_valve,asset,equipments,mechanical_information,,,,,PBA and PAX,pump,PumpOp
casing_design_temperature_cet,,asset,equipments,mechanical_information,,,,,PBA and PAX,pump,PumpOp
casing_mawp,"minimum_required_casing_mawp,casing_mawp_minimum_required",asset,equipments,mechanical_information,,,,,PBA and PAX,pump,PumpOp
design_code,,asset,equipments,mechanical_information,,,,,PBA and PAX,pump,PumpOp
wet_h2s_service,,asset,equipments,mechanical_information,,,,,PBA and PAX,pump,PumpOp
material_class_or_materials,,asset,equipments,mechanical_information,,,,,PBA and PAX,pump,PumpOp
driver_type_drive_mechanism,,asset,equipments,mechanical_information,,,,,PBA and PAX,pump,PumpOp
estimated_driver_size,,asset,equipments,mechanical_information,,,,,PBA and PAX,pump,PumpOp
anti_vortex_baffles,,asset,equipments,,,,,,,drum,
anti_vortex_baffles_for_liquid_outlet,,asset,equipments,,,,,,,drum,
anti_vortex_baffles_for_liquid_outlets,,asset,equipments,,,,,,,drum,
applicable_to_as_built,,meta_data,meta_data,,,,,,,drum,
applicable_to_inquiry,,meta_data,meta_data,,,,,,,drum,
applicable_to_purchase,,meta_data,meta_data,,,,,,,drum,
baffle_plates,,asset,equipments,,,,,,,drum,
blade_count,,agitator,agitators,,,,,,,drum,
blade_width,,agitator,agitators,,,,,,,drum,
blades,,agitator,agitators,,,,,,,drum,
capacity,,asset,equipments,,,,,,,drum,
code,,asset,equipments,,,,,,,drum,
coil,,asset,equipments,,,,,,,drum,
company,,meta_data,meta_data,,,,,,,drum,
company_identification_code,,meta_data,meta_data,,,,,,,drum,
contractor,,meta_data,meta_data,,,,,,,drum,
contractor_identification_code,,meta_data,meta_data,,,,,,,drum,
corrosion_allowance_bottom,,asset,equipments,,,,,,,drum,
corrosion_allowance_heads,,asset,equipments,,,,,,,drum,
corrosion_allowance_shell,,asset,equipments,,,,,,,drum,
corrosion_allowance_top,,asset,equipments,,,,,,,drum,
customer,,meta_data,meta_data,,,,,,,drum,
demister pad,,asset,equipments,,,,,,,drum,
demister_pad,,asset,equipments,,,,,,,drum,
density,,agitator,agitators,,,,,,,drum,
density_bulk,,agitator,agitators,,,,,,,drum,
density_range,,agitator,agitators,,,,,,,drum,
density_true,,agitator,agitators,,,,,,,drum,
design_pressure,,asset,equipments,,,,,,,drum,
design_pressure_drum,,agitator,agitators,,,,,,,drum,
design_pressure_jacket,,agitator,agitators,,,,,,,drum,
design_temperature_drum,,agitator,agitators,,,,,,,drum,
design_temperature_jacket,,agitator,agitators,,,,,,,drum,
diameter,,asset,equipments,,,,,,,drum,
document_title,,meta_data,meta_data,,,,,,,drum,
earth_connection,,agitator,agitators,,,,,,,drum,
earthquake,,agitator,agitators,,,,,,,drum,
exclusions,,asset,equipments,,,,,,,drum,
external_fire_condition,,agitator,agitators,,,,,,,drum,
fire_proofing,,agitator,agitators,,,,,,,drum,
flash_point,,asset,equipments,,,,,,,drum,
fluid,,asset,equipments,,,,,,,drum,
fluid_hazardousness,,asset,equipments,,,,,,,drum,
gage_hatch,,asset,equipments,,,,,,,drum,
gaskets,,asset,equipments,,,,,,,drum,
guardrail,,asset,equipments,,,,,,,drum,
heads,,asset,equipments,,,,,,,drum,
height,,agitator,agitators,,,,,,,drum,
impeller,,agitator,agitators,,,,,,,drum,
impeller_diameter,,agitator,agitators,,,,,,,drum,
impeller_speed,,agitator,agitators,,,,,,,drum,
impeller_type,,agitator,agitators,,,,,,,drum,
installation,,meta_data,meta_data,,,,,,,drum,
insulation,,agitator,agitators,,,,,,,drum,
insulation_paint,,asset,equipments,,,,,,,drum,
internal_steam_coil,,asset,equipments,,,,,,,drum,
internal_weir,,asset,equipments,,,,,,,drum,
internals,,asset,equipments,,,,,,,drum,
item,,meta_data,meta_data,,,,,,,drum,
jacket,,asset,equipments,,,,,,,drum,
jacket_coil,,asset,equipments,,,,,,,drum,
ladder,,asset,equipments,,,,,,,drum,
layer_1_thickness_bottom,,asset,equipments,,,,,,,drum,
layer_1_type_bottom,,asset,equipments,,,,,,,drum,
layer_2_thickness_top,,asset,equipments,,,,,,,drum,
layer_2_type_top,,asset,equipments,,,,,,,drum,
length,,asset,equipments,,,,,,,drum,
level_gage,,asset,equipments,,,,,,,drum,
location,,meta_data,meta_data,,,,,,,drum,
material_shaft_and_impeller,,agitator,agitators,,,,,,,drum,
max_liquid_level,,agitator,agitators,,,,,,,drum,
min_liquid_level,,agitator,agitators,,,,,,,drum,
minimum metal design temperature,,asset,equipments,,,,,,,drum,
minimum_metal_design_temperature,,asset,equipments,,,,,,,drum,
minimum_metal_design_temperature_drum,,asset,equipments,,,,,,,drum,
minimum_metal_design_temperature_jacket,,asset,equipments,,,,,,,drum,
mist_eliminator_top_to_vapor_outlet,,asset,equipments,,,,,,,drum,
orientation,,meta_data,meta_data,,,,,,,drum,
p_and_id,,meta_data,meta_data,,,,,,,drum,
paint,,agitator,agitators,,,,,,,drum,
piping_and_instrumentation_diagram,,meta_data,meta_data,,,,,,,drum,
platform,,asset,equipments,,,,,,,drum,
powder_particles_size_average,,agitator,agitators,,,,,,,drum,
powder_particles_size_max,,agitator,agitators,,,,,,,drum,
pressure,,agitator,agitators,,,,,,,drum,
process_and_instrumentation_diagram,,meta_data,meta_data,,,,,,,drum,
process_data_sheet_title,,meta_data,meta_data,,,,,,,drum,
project,,meta_data,meta_data,,,,,,,drum,
project_name,,meta_data,meta_data,,,,,,,drum,
quantity,,asset,equipments,,,,,,,drum,
radiograph,,asset,equipments,,,,,,,drum,
revision_number,,meta_data,meta_data,,,,,,,drum,
section,,meta_data,meta_data,,,,,,,drum,
sheet_number,,meta_data,meta_data,,,,,,,drum,
shell,,asset,equipments,,,,,,,drum,
slotted_t_distributor,,asset,equipments,,,,,,,drum,
specific_heat,,agitator,agitators,,,,,,,drum,
spray_nozzle,,asset,equipments,,,,,,,drum,
stairways,,asset,equipments,,,,,,,drum,
stress_relief,,agitator,agitators,,,,,,,drum,
support_ring_width,,asset,equipments,,,,,,,drum,
surface_preparation,,asset,equipments,,,,,,,drum,
t_distributors,,asset,equipments,,,,,,,drum,
t_sparger,,asset,equipments,,,,,,,drum,
temperature,,agitator,agitators,,,,,,,drum,
two_crinkled_wire_mesh_screens,,asset,equipments,,,,,,,drum,
type,,asset,equipments,,,,,,,drum,
viscosity,,agitator,agitators,,,,,,,drum,
wind_pressure,,agitator,agitators,,,,,,,drum,
windpress,,asset,equipments,,,,,,,drum,